{"graph": {"_type": "graph-file", "path": "media/graph/graph_summary_ec1a82a1.graph.json", "sha256": "ec1a82a17a6d7723ea3675ca143913042d2567fd48214ecc93930dbb72d1699b", "size": 1849}, "examples": {"width": 952, "height": 28, "format": "png", "count": 4, "_type": "images", "captions": ["te oe fro ls hreolfo,t noat leucd: 3.9868230787033776e-13", "c cane ino le fings, hlere: 6.406128340470663e-13", "tectles and fue ioocd cgfa at: 6.456356174515399e-14", "Iis alancs. te cane, ahon foling: 1.0225815420122908e-13"]}, "_step": 16, "val_ctc_loss_loss": 60.637752532958984, "val_loss": 60.637752532958984, "epoch": 15, "loss": 61.80092239379883, "ctc_loss_loss": 61.80092239379883, "_runtime": 803.6697037220001, "_timestamp": 1592955117.9170148, "best_val_loss": 60.637752532958984, "best_epoch": 15, "test_metric": 0.6304628187154928}
